2019-10-12 22:20:42, https://developer.android.com/studio/archive_25350a46834ddb86754aba2445ff1359aa7fd8cb296923255092494ac94ef531.frame
2019-10-26 21:10:43, https://developer.android.com/studio/archive_87f6b69438dfa8033ef1f9163c5ffabe914b7a59ce06a566a4d5cc0166a0b88a.frame
2019-11-01 14:58:01, https://developer.android.com/studio/archive_5ca4859d9151d43caa9eed2ebb0dbbe1a237fb0af80d2dc635c3907fa7f34986.frame
2019-11-06 00:54:07, https://developer.android.com/studio/archive_dca80dea1e7c75224a270ee568190c4153979aef13c3ad600b20717983c10415.frame
2019-11-08 01:24:22, https://developer.android.com/studio/archive_6452fb2d087bf20885a6a5fbcec2cc9650aeb39a16b7c98bead637f8583fc85c.frame
2019-11-08 22:59:33, https://developer.android.com/studio/archive_d6ecb9c1fed803f19ea6252d50d1da3f9783b16cf0f07f84a17f6d14da69379f.frame
2019-11-15 12:36:59, https://developer.android.com/studio/archive_84dcace7be08dbd0efce11316bf3bc7f7b9aa47a5c1f6f45eee3fd0cc4f05e35.frame
2019-11-24 02:12:12, https://developer.android.com/studio/archive_ab6d401ad84a4f8d124d5ea198d6b55bd00f40c10ed6831df670fa9eac1ef38c.frame
2019-12-19 02:37:47, https://developer.android.com/studio/archive_c3c9ebd0c9e4865319695977f28787e4a40b5ee4cec4cd7a637df70c35088999.frame
2019-12-24 05:41:01, https://developer.android.com/studio/archive_f703850652403bf3e7355b8d4ef092a938712181e19d335afd75876577a5afbc.frame
2020-01-25 01:08:37, https://developer.android.com/studio/archive_cb5429cccaa6727ded80eb4deb3fef9b39f4afd41f6c6cab6dac77172377057c.frame
2020-03-11 17:46:25, https://developer.android.com/studio/archive_15472862d9269c9def70196158eba7b0a65f51fc189eda7b572ac190a2b0a69c.frame
